<?xml version="1.0" encoding="UTF-8"?>
<project-private xmlns="http://www.netbeans.org/ns/project-private/1">
    <editor-bookmarks xmlns="http://www.netbeans.org/ns/editor-bookmarks/2" lastBookmarkId="0"/>
    <open-files xmlns="http://www.netbeans.org/ns/projectui-open-files/2">
        <group>
            <file>file:/D:/Storage/Kuliah/Praktikum/Sem%204/Pemrograman%20Berorientasi%20Objek/live-budget-pbo/src/livebudget/LiveBudget.java</file>
            <file>file:/D:/Storage/Kuliah/Praktikum/Sem%204/Pemrograman%20Berorientasi%20Objek/live-budget-pbo/src/views/Dashboard.java</file>
            <file>file:/D:/Storage/Kuliah/Praktikum/Sem%204/Pemrograman%20Berorientasi%20Objek/live-budget-pbo/src/views/TransaksiView.java</file>
            <file>file:/D:/Storage/Kuliah/Praktikum/Sem%204/Pemrograman%20Berorientasi%20Objek/live-budget-pbo/src/controllers/PemasukanController.java</file>
            <file>file:/D:/Storage/Kuliah/Praktikum/Sem%204/Pemrograman%20Berorientasi%20Objek/live-budget-pbo/src/helpers/TransaksiHelper.java</file>
            <file>file:/D:/Storage/Kuliah/Praktikum/Sem%204/Pemrograman%20Berorientasi%20Objek/live-budget-pbo/src/helpers/AsetHelper.java</file>
            <file>file:/D:/Storage/Kuliah/Praktikum/Sem%204/Pemrograman%20Berorientasi%20Objek/live-budget-pbo/src/controllers/TransaksiController.java</file>
            <file>file:/D:/Storage/Kuliah/Praktikum/Sem%204/Pemrograman%20Berorientasi%20Objek/live-budget-pbo/src/helpers/PemasukanHelper.java</file>
        </group>
    </open-files>
</project-private>
